fixture,tool,metric,value,abs_diff_reference
wdbc_heldout,predval,auroc,0.9880889638452619,0
wdbc_heldout,predval,brier,0.031262751693950298,0
wdbc_heldout,predval,calibration_intercept,1.8547783584918272,8.8817841970012523e-16
wdbc_heldout,predval,calibration_slope,0.65895543819077251,1.4432899320127035e-15
wdbc_heldout,pycaleva,auroc,0.9880889638452619,0
wdbc_heldout,pycaleva,brier,0.031262751693950298,0
wdbc_heldout,independent_reference,auroc,0.9880889638452619,0
wdbc_heldout,independent_reference,brier,0.031262751693950298,0
wdbc_heldout,independent_reference,calibration_intercept,1.854778358491828,0
wdbc_heldout,independent_reference,calibration_slope,0.65895543819077107,0
synthetic_clustered,predval,auroc,0.82189813101406362,0
synthetic_clustered,predval,brier,0.18140992475539261,0
synthetic_clustered,predval,calibration_intercept,0.71216526049354745,1.1102230246251565e-16
synthetic_clustered,predval,calibration_slope,0.79441642455613248,2.2204460492503131e-16
synthetic_clustered,pycaleva,auroc,0.82189813101406362,0
synthetic_clustered,pycaleva,brier,0.18140992475539261,0
synthetic_clustered,independent_reference,auroc,0.82189813101406362,0
synthetic_clustered,independent_reference,brier,0.18140992475539261,0
synthetic_clustered,independent_reference,calibration_intercept,0.71216526049354756,0
synthetic_clustered,independent_reference,calibration_slope,0.79441642455613226,0
