seed,family,method,rows,clusters,events,available,reason,brier,auroc,auroc_delta,brier_gain,risk_mse,oracle_expected_brier,expected_brier,expected_gain,expected_recovery
20261020,logit_linear,raw,1497,120,540,True,,0.16107731913455833,0.82150431518247602,0,0,0.007808613529657212,0.16752891002530854,0.17533752355496574,0,0
20261020,logit_linear,predval_rung2,1497,120,540,True,,0.15935636225350433,0.8205425906575331,-0.0009617245249429196,0.0017209568810540032,0.00084518829409010695,0.16752891002530854,0.16837409831939865,0.0069634252355671054,0.89176205341958958
20261020,logit_linear,statsmodels_logit,1497,120,540,True,,0.15935636225350433,0.8205425906575331,-0.0009617245249429196,0.0017209568810540032,0.00084518829409007876,0.16752891002530854,0.16837409831939862,0.0069634252355671332,0.89176205341959325
20261020,logit_linear,statsmodels_probability,1497,120,540,True,,0.15908628947466405,0.81949185339989938,-0.0020124617825766355,0.0019910296598942834,0.0041912349449848008,0.16752891002530854,0.17172014497029334,0.0036173785846724113,0.46325491342778868
20261020,probability_linear,raw,1497,120,467,True,,0.13190586105567659,0.85203841915968481,0,0,0.0014120442303316365,0.14276742283729035,0.144179467067622,0,0
20261020,probability_linear,predval_rung2,1497,120,467,True,,0.13379041585682258,0.84914866634789299,-0.0028897528117918236,-0.0018845548011459934,0.002132190804176785,0.14276742283729035,0.14489961364146714,-0.00072014657384514855,-0.51000284436983456
20261020,probability_linear,statsmodels_logit,1497,120,467,True,,0.13379041585682258,0.84914866634789299,-0.0028897528117918236,-0.0018845548011459934,0.0021321908041767798,0.14276742283729035,0.14489961364146714,-0.00072014657384514335,-0.51000284436983101
20261020,probability_linear,statsmodels_probability,1497,120,467,True,,0.13043779368272918,0.84688052223446497,-0.0051578969252198403,0.0014680673729474125,0.00061324468918715796,0.14276742283729035,0.14338066752647752,0.0007987995411444785,0.56570433417434118
20261021,logit_linear,raw,1333,120,535,True,,0.17046590699206199,0.837092731829574,0,0,0.0070201131506704931,0.15826094317987213,0.16528105633054263,0,0
20261021,logit_linear,predval_rung2,1333,120,535,True,,0.16054807456148029,0.83517438455952975,-0.0019183472700442517,0.0099178324305816967,0.00082471708884662362,0.15826094317987213,0.15908566026871876,0.0061953960618238695,0.88252082678071153
20261021,logit_linear,statsmodels_logit,1333,120,535,True,,0.16054807456148035,0.83517438455952975,-0.0019183472700442517,0.0099178324305816412,0.00082471708884665257,0.15826094317987213,0.15908566026871879,0.0061953960618238409,0.88252082678070742
20261021,logit_linear,statsmodels_probability,1333,120,535,True,,0.163994792294443,0.831080036539948,-0.0060126952896260022,0.0064711146976189904,0.0036598585118350325,0.15826094317987213,0.16192080169170717,0.0033602546388354607,0.47866103675473115
20261021,probability_linear,raw,1333,120,455,True,,0.13924385623121441,0.85181105910035282,0,0,0.0016033500138655586,0.1388292585937953,0.14043260860766085,0,0
20261021,probability_linear,predval_rung2,1333,120,455,True,,0.14128816472603203,0.84986607925104507,-0.0019449798493077486,-0.002044308494817626,0.0033048920928629229,0.1388292585937953,0.14213415068665822,-0.0017015420789973643,-1.0612418151262379
20261021,probability_linear,statsmodels_logit,1333,120,455,True,,0.14128816472603206,0.84986607925104507,-0.0019449798493077486,-0.0020443084948176538,0.003304892092862929,0.1388292585937953,0.14213415068665822,-0.0017015420789973704,-1.0612418151262419
20261021,probability_linear,statsmodels_probability,1333,120,455,True,,0.13833251946917985,0.84491977271020557,-0.0068912863901472443,0.00091133676203455916,0.00033417150407126555,0.1388292585937953,0.13916343009786658,0.0012691785097942931,0.79157919282664757
20261022,logit_linear,raw,1263,120,459,True,,0.16571605127396458,0.84498260332325303,0,0,0.0081024039624581681,0.16318958587396784,0.17129198983642602,0,0
20261022,logit_linear,predval_rung2,1263,120,459,True,,0.15321664568771615,0.84340281164981201,-0.0015797916734410222,0.01249940558624843,0.0028313074337011608,0.16318958587396784,0.166020893307669,0.0052710965287570072,0.65055958122801649
20261022,logit_linear,statsmodels_logit,1263,120,459,True,,0.15321664568771615,0.84340281164981201,-0.0015797916734410222,0.01249940558624843,0.002831307433701183,0.16318958587396784,0.16602089330766903,0.0052710965287569855,0.65055958122801383
20261022,logit_linear,statsmodels_probability,1263,120,459,True,,0.15794355631526627,0.84249504113419826,-0.0024875621890547706,0.0077724949586983061,0.0050456454714794576,0.16318958587396784,0.16823523134544729,0.0030567584909787105,0.37726562451612544
20261022,probability_linear,raw,1263,120,365,True,,0.11976713111415747,0.87727369801995292,0,0,0.0015317442510852197,0.13762883536214698,0.13916057961323219,0,0
20261022,probability_linear,predval_rung2,1263,120,365,True,,0.11952004569354643,0.87434786588156332,-0.0029258321383895947,0.00024708542061104011,0.0034107725650683808,0.13762883536214698,0.14103960792721537,-0.0018790283139831611,-1.2267245740611696
20261022,probability_linear,statsmodels_logit,1263,120,365,True,,0.11952004569354643,0.87434786588156332,-0.0029258321383895947,0.00024708542061104011,0.0034107725650683591,0.13762883536214698,0.14103960792721534,-0.0018790283139831394,-1.2267245740611554
20261022,probability_linear,statsmodels_probability,1263,120,365,True,,0.11919046017725436,0.87138542270494546,-0.0058882753150074629,0.000576670936903112,0.0027271911278039301,0.13762883536214698,0.14035602648995091,-0.0011954468767187104,-0.78044809103853519
20261023,logit_linear,raw,1468,120,560,True,,0.16102492586755904,0.84662130270610447,0,0,0.0069782210240426487,0.15525482952310388,0.16223305054714651,0,0
20261023,logit_linear,predval_rung2,1468,120,560,True,,0.15352182364408309,0.84473725613593442,-0.0018840465701700504,0.0075031022234759437,0.00044936055909354917,0.15525482952310388,0.15570419008219744,0.0065288604649490992,0.93560528427727785
20261023,logit_linear,statsmodels_logit,1468,120,560,True,,0.15352182364408309,0.84473725613593442,-0.0018840465701700504,0.0075031022234759437,0.00044936055909355281,0.15525482952310388,0.15570419008219744,0.0065288604649490958,0.9356052842772774
20261023,logit_linear,statsmodels_probability,1468,120,560,True,,0.15734146686440126,0.84380703272498414,-0.002814269981120332,0.0036834590031577796,0.0034270967770347717,0.15525482952310388,0.15868192630013864,0.0035511242470078769,0.50888675419894147
20261023,probability_linear,raw,1468,120,498,True,,0.14333302168416276,0.82660125036227394,0,0,0.001663594105528006,0.13523789741194575,0.13690149151747374,0,0
20261023,probability_linear,predval_rung2,1468,120,498,True,,0.14805074765092122,0.82367407775431634,-0.0029271726079576066,-0.004717725966758457,0.0050933734568542593,0.13523789741194575,0.14033127086880001,-0.0034297793513262532,-2.0616683720682456
20261023,probability_linear,statsmodels_logit,1468,120,498,True,,0.14805074765092122,0.82367407775431634,-0.0029271726079576066,-0.004717725966758457,0.0050933734568542558,0.13523789741194575,0.14033127086880001,-0.0034297793513262498,-2.0616683720682434
20261023,probability_linear,statsmodels_probability,1468,120,498,True,,0.14116575175555704,0.8219289529251026,-0.0046722974371713466,0.0021672699286057195,0.00048753841905313869,0.13523789741194575,0.13572543583099889,0.0011760556864748675,0.70693667557904727
20261024,logit_linear,raw,1530,120,495,True,,0.17011447778887551,0.79861416093300153,0,0,0.0075198715289420013,0.15829396339227805,0.16581383492122007,0,0
20261024,logit_linear,predval_rung2,1530,120,495,True,,0.16658973597194313,0.78951837212706777,-0.0090957888059337577,0.0035247418169323808,0.0027634421510904198,0.15829396339227805,0.16105740554336848,0.0047564293778515811,0.63251471245823021
20261024,logit_linear,statsmodels_logit,1530,120,495,True,,0.16658973597194307,0.78951837212706777,-0.0090957888059337577,0.0035247418169324363,0.0027634421510904054,0.15829396339227805,0.16105740554336845,0.0047564293778515959,0.63251471245823199
20261024,logit_linear,statsmodels_probability,1530,120,495,True,,0.16918705010198151,0.78270433806665696,-0.01590982286634457,0.00092742768689399457,0.0058151262096525751,0.15829396339227805,0.16410908960193063,0.0017047453192894262,0.22669872919082612
20261024,probability_linear,raw,1530,120,433,True,,0.15285937375593533,0.78464466390597065,0,0,0.001618776572271234,0.13656869498098234,0.13818747155325359,0,0
20261024,probability_linear,predval_rung2,1530,120,433,True,,0.15473972610443756,0.77240258441561171,-0.012242079490358937,-0.0018803523485022289,0.0083747641118564267,0.13656869498098234,0.14494345909283876,-0.0067559875395851923,-4.173514526532939
20261024,probability_linear,statsmodels_logit,1530,120,433,True,,0.15473972610443759,0.77240258441561171,-0.012242079490358937,-0.0018803523485022566,0.0083747641118564666,0.13656869498098234,0.14494345909283882,-0.0067559875395852322,-4.173514526532963
20261024,probability_linear,statsmodels_probability,1530,120,433,True,,0.15036100604113092,0.76657312300395153,-0.018071540902019123,0.0024983677148044114,0.0025052977814917603,0.13656869498098234,0.13907399276247409,-0.00088652120922052624,-0.54764890004349853
20261025,logit_linear,raw,1495,120,569,True,,0.17407210831243555,0.82159789255523874,0,0,0.007826241136583369,0.16371700228003758,0.17154324341662094,0,0
20261025,logit_linear,predval_rung2,1495,120,569,True,,0.16510883980585878,0.81891993455989254,-0.0026779579953462029,0.008963268506576777,0.00069114344529233119,0.16371700228003758,0.16440814572532991,0.0071350976912910383,0.91168896623161588
20261025,logit_linear,statsmodels_logit,1495,120,569,True,,0.16510883980585878,0.81891993455989254,-0.0026779579953462029,0.008963268506576777,0.00069114344529233357,0.16371700228003758,0.16440814572532991,0.0071350976912910357,0.91168896623161555
20261025,logit_linear,statsmodels_probability,1495,120,569,True,,0.16676653804641975,0.81837713088401087,-0.0032207616712278675,0.0073055702660158039,0.0032947160951716176,0.16371700228003758,0.1670117183752092,0.0045315250414117514,0.57901679265022477
20261025,probability_linear,raw,1495,120,489,True,,0.14113753386990624,0.84759947472628439,0,0,0.0015039687552661199,0.13973682611542312,0.14124079487068925,0,0
20261025,probability_linear,predval_rung2,1495,120,489,True,,0.14188332681782653,0.84473323657238575,-0.002866238153898637,-0.00074579294792029294,0.0033695711170130399,0.13973682611542312,0.14310639723243618,-0.00186560236174692,-1.2404528719194108
20261025,probability_linear,statsmodels_logit,1495,120,489,True,,0.14188332681782653,0.84473323657238575,-0.002866238153898637,-0.00074579294792029294,0.0033695711170130468,0.13973682611542312,0.14310639723243618,-0.001865602361746927,-1.2404528719194157
20261025,probability_linear,statsmodels_probability,1495,120,489,True,,0.14028208748997176,0.84291591961523304,-0.0046835551110513407,0.00085544637993448247,0.0010749189039762647,0.13973682611542312,0.14081174501939939,0.00042904985128985515,0.28527843400173358
20261026,logit_linear,raw,1439,120,376,True,,0.15460662741395059,0.80307389764015946,0,0,0.0081093723678853525,0.15876063494271395,0.16687000731059931,0,0
20261026,logit_linear,predval_rung2,1439,120,376,True,,0.1526914661434865,0.79689908128340115,-0.006174816356758317,0.0019151612704640941,0.0042841556764160495,0.15876063494271395,0.16304479061912999,0.003825216691469303,0.4717031747879632
20261026,logit_linear,statsmodels_logit,1439,120,376,True,,0.15269146614348647,0.79689908128340115,-0.006174816356758317,0.0019151612704641219,0.004284155676416046,0.15876063494271395,0.16304479061912999,0.0038252166914693065,0.47170317478796353
20261026,logit_linear,statsmodels_probability,1439,120,376,True,,0.15580253596308638,0.79134975280718955,-0.011724144832969907,-0.0011959085491357879,0.008148112201388091,0.15876063494271395,0.16690874714410203,-3.8739833502738491e-05,-0.0047771679169839043
20261026,probability_linear,raw,1439,120,295,True,,0.12447071576425298,0.81672988028920235,0,0,0.0016421177631608071,0.13439118325346794,0.13603330101662875,0,0
20261026,probability_linear,predval_rung2,1439,120,295,True,,0.12363905785284017,0.81141400971909439,-0.0053158705701079612,0.00083165791141280587,0.0066420551106619753,0.13439118325346794,0.14103323836412993,-0.0049999373475011679,-3.0448104634573285
20261026,probability_linear,statsmodels_logit,1439,120,295,True,,0.12363905785284016,0.81141400971909439,-0.0053158705701079612,0.00083165791141281975,0.0066420551106619579,0.13439118325346794,0.1410332383641299,-0.0049999373475011506,-3.0448104634573179
20261026,probability_linear,statsmodels_probability,1439,120,295,True,,0.12201998576962196,0.8060329501007466,-0.010696930188455744,0.0024507299946310152,0.0044024753512347924,0.13439118325346794,0.13879365860470272,-0.0027603575880739851,-1.6809741968570817
20261027,logit_linear,raw,1434,120,543,True,,0.17960615968882734,0.81149741739060333,0,0,0.00790570255461563,0.1687889958472952,0.17669469840191082,0,0
20261027,logit_linear,predval_rung2,1434,120,543,True,,0.1717018632773567,0.80905225779381684,-0.0024451595967864836,0.0079042964114706404,0.00023222800797601979,0.1687889958472952,0.16902122385527121,0.0076734745466396099,0.97062525355947815
20261027,logit_linear,statsmodels_logit,1434,120,543,True,,0.17170186327735662,0.80905225779381684,-0.0024451595967864836,0.0079042964114707237,0.00023222800797600651,0.1687889958472952,0.16902122385527121,0.0076734745466396238,0.97062525355947982
20261027,logit_linear,statsmodels_probability,1434,120,543,True,,0.17652392302243888,0.80469933631382351,-0.0067980810767798161,0.0030822366663884604,0.0031649110165331215,0.1687889958472952,0.17195390686382833,0.0047407915380825085,0.59966732941586143
20261027,probability_linear,raw,1434,120,440,True,,0.13890666060678486,0.8450292665081397,0,0,0.0013957935869700804,0.14391178505006047,0.14530757863703056,0,0
20261027,probability_linear,predval_rung2,1434,120,440,True,,0.14012962915760457,0.84351563929028706,-0.0015136272178526422,-0.0012229685508197141,0.0021060998095103404,0.14391178505006047,0.14601788485957082,-0.00071030622254026005,-0.50889059039320972
20261027,probability_linear,statsmodels_logit,1434,120,440,True,,0.14012962915760457,0.84351563929028706,-0.0015136272178526422,-0.0012229685508197141,0.0021060998095103361,0.14391178505006047,0.14601788485957082,-0.00071030622254025571,-0.50889059039320661
20261027,probability_linear,statsmodels_probability,1434,120,440,True,,0.13905559613725615,0.84040378635449065,-0.0046254801536490531,-0.00014893553047129471,0.00043083643050707197,0.14391178505006047,0.14434262148056753,0.00096495715646300836,0.69133227539588404
20261028,logit_linear,raw,1362,120,437,True,,0.15115390857840855,0.83694477085781427,0,0,0.0078329847535030458,0.16412564094611809,0.17195862569962114,0,0
20261028,logit_linear,predval_rung2,1362,120,437,True,,0.1513164039532636,0.83149978353639686,-0.0054449873214174049,-0.00016249537485504839,0.0019872713638107854,0.16412564094611809,0.16611291230992886,0.00584571338969226,0.74629449356172395
20261028,logit_linear,statsmodels_logit,1362,120,437,True,,0.1513164039532636,0.83149978353639686,-0.0054449873214174049,-0.00016249537485504839,0.0019872713638107889,0.16412564094611809,0.16611291230992889,0.0058457133896922565,0.7462944935617235
20261028,logit_linear,statsmodels_probability,1362,120,437,True,,0.15415532267150719,0.82804873523408984,-0.0088960356237244298,-0.0030014140930986477,0.0059874847815408767,0.16412564094611809,0.17011312572765896,0.0018454999719621692,0.23560622547322463
20261028,probability_linear,raw,1362,120,376,True,,0.13455048626417901,0.83184799965474088,0,0,0.001517365326666941,0.14061862960859675,0.14213599493526369,0,0
20261028,probability_linear,predval_rung2,1362,120,376,True,,0.13793526928538702,0.82442762504855205,-0.0074203746061888287,-0.0033847830212080099,0.0033525541668795889,0.14061862960859675,0.14397118377547635,-0.0018351888402126479,-1.2094574773524323
20261028,probability_linear,statsmodels_logit,1362,120,376,True,,0.13793526928538696,0.82442762504855205,-0.0074203746061888287,-0.0033847830212079544,0.003352554166879585,0.14061862960859675,0.14397118377547632,-0.001835188840212644,-1.2094574773524296
20261028,probability_linear,statsmodels_probability,1362,120,376,True,,0.13554525423386143,0.82049760476457656,-0.011350394890164317,-0.0009947679696824252,0.0010628841223208798,0.14061862960859675,0.14168151373091764,0.00045448120434606119,0.2995199615799703
20261029,logit_linear,raw,1389,120,532,True,,0.17106500461507412,0.81718224967319131,0,0,0.0080598187678669574,0.16803294409659267,0.17609276286445963,0,0
20261029,logit_linear,predval_rung2,1389,120,532,True,,0.16582742814913554,0.81521700985251933,-0.0019652398206719823,0.0052375764659385871,0.00016834552030134116,0.16803294409659267,0.16820128961689401,0.0078914732475656169,0.97911298936739066
20261029,logit_linear,statsmodels_logit,1389,120,532,True,,0.16582742814913554,0.81521700985251933,-0.0019652398206719823,0.0052375764659385871,0.00016834552030133921,0.16803294409659267,0.16820128961689401,0.0078914732475656186,0.97911298936739088
20261029,logit_linear,statsmodels_probability,1389,120,532,True,,0.16663707705971004,0.81530474377308504,-0.0018775059001062688,0.0044279275553640862,0.0030293003468433838,0.16803294409659267,0.17106224444343604,0.0050305184210235731,0.62414783333334278
20261029,probability_linear,raw,1389,120,463,True,,0.14255645847029708,0.83161744468649856,0,0,0.0013744286983071573,0.14157529884154518,0.14294972753985233,0,0
20261029,probability_linear,predval_rung2,1389,120,463,True,,0.14642408619754843,0.82852231432716472,-0.003095130359333842,-0.0038676277272513548,0.0033899352316571364,0.14157529884154518,0.14496523407320233,-0.002015506533349979,-1.4664322244088894
20261029,probability_linear,statsmodels_logit,1389,120,463,True,,0.14642408619754843,0.82852231432716472,-0.003095130359333842,-0.0038676277272513548,0.0033899352316571285,0.14157529884154518,0.1449652340732023,-0.0020155065333499712,-1.4664322244088837
20261029,probability_linear,statsmodels_probability,1389,120,463,True,,0.14180229261273747,0.8277736053253969,-0.0038438393611016641,0.00075416585755960774,0.00038739940821536751,0.14157529884154518,0.14196269824976054,0.00098702929009178994,0.71813786434136906
20261030,logit_linear,raw,1427,120,465,True,,0.1762970204996186,0.78512731093376253,0,0,0.0082050204616452849,0.16724040363983009,0.17544542410147537,0,0
20261030,logit_linear,predval_rung2,1427,120,465,True,,0.17232120501660714,0.77749312588022268,-0.0076341850535398548,0.0039758154830114578,0.00070613549701270377,0.16724040363983009,0.16794653913684279,0.0074988849646325812,0.91393860620902001
20261030,logit_linear,statsmodels_logit,1427,120,465,True,,0.17232120501660717,0.77749312588022268,-0.0076341850535398548,0.0039758154830114301,0.00070613549701271342,0.16724040363983009,0.16794653913684279,0.0074988849646325717,0.91393860620901879
20261030,logit_linear,statsmodels_probability,1427,120,465,True,,0.17407984245534294,0.76949232110522436,-0.015634989828538171,0.0022171780442756528,0.0037133278692481888,0.16724040363983009,0.17095373150907828,0.004491692592397096,0.54743222316064943
20261030,probability_linear,raw,1427,120,402,True,,0.15427472405979165,0.78454799174857415,0,0,0.0014991540859313113,0.14250065214551882,0.14399980623145014,0,0
20261030,probability_linear,predval_rung2,1427,120,402,True,,0.15818335809906339,0.77364640213566316,-0.010901589612910989,-0.0039086340392717467,0.0047080825610009069,0.14250065214551882,0.14720873470651974,-0.0032089284750695954,-2.1404927653424837
20261030,probability_linear,statsmodels_logit,1427,120,402,True,,0.15818335809906339,0.77364640213566316,-0.010901589612910989,-0.0039086340392717467,0.0047080825610009069,0.14250065214551882,0.14720873470651974,-0.0032089284750695954,-2.1404927653424837
20261030,probability_linear,statsmodels_probability,1427,120,402,True,,0.15457490073521149,0.76713262953525063,-0.017415362213323515,-0.00030017667541984427,0.00064888749365303805,0.14250065214551882,0.14314953963917187,0.00085026659227827321,0.56716424299378598
20261031,logit_linear,raw,1394,120,524,True,,0.16141963329581652,0.85267175572519083,0,0,0.0074894512804113108,0.15830125412026977,0.16579070540068108,0,0
20261031,logit_linear,predval_rung2,1394,120,524,True,,0.1527128401147837,0.85150916907958241,-0.0011625866456084211,0.0087067931810328181,0.00052734832358431166,0.15830125412026977,0.15882860244385408,0.0069621029568269991,0.92958785579344205
20261031,logit_linear,statsmodels_logit,1394,120,524,True,,0.15271284011478367,0.85150916907958241,-0.0011625866456084211,0.0087067931810328458,0.00052734832358431697,0.15830125412026977,0.15882860244385408,0.0069621029568269939,0.92958785579344128
20261031,logit_linear,statsmodels_probability,1394,120,524,True,,0.15880926786788699,0.85030709835921736,-0.002364657365973466,0.0026103654279295285,0.0034047156080196095,0.15830125412026977,0.16170596972828938,0.0040847356723917013,0.5453985237977772
20261031,probability_linear,raw,1394,120,448,True,,0.13102294943217255,0.86550041528239197,0,0,0.0015944681594983726,0.13625553958671963,0.137850007746218,0,0
20261031,probability_linear,predval_rung2,1394,120,448,True,,0.13154209823190791,0.86474299682875255,-0.00075741845363941351,-0.00051914879973535832,0.0020894628266548043,0.13625553958671963,0.13834500241337444,-0.00049499466715643178,-0.31044499961175731
20261031,probability_linear,statsmodels_logit,1394,120,448,True,,0.13154209823190793,0.86474299682875255,-0.00075741845363941351,-0.00051914879973538608,0.0020894628266548009,0.13625553958671963,0.13834500241337444,-0.00049499466715642831,-0.31044499961175531
20261031,probability_linear,statsmodels_probability,1394,120,448,True,,0.13168989552322111,0.86438906297191165,-0.001111352310480318,-0.00066694609104855918,0.00025064813166457883,0.13625553958671963,0.13650618771838421,0.0013438200278337938,0.84280141928739805
20261032,logit_linear,raw,1439,120,385,True,,0.1528738643980696,0.80410310751866731,0,0,0.008426679166857869,0.1555046858754299,0.16393136504228778,0,0
20261032,logit_linear,predval_rung2,1439,120,385,True,,0.14967189067177419,0.80171024421498804,-0.0023928633036792712,0.0032019737262954096,0.0011932864159085088,0.1555046858754299,0.15669797229133842,0.0072333927509493599,0.85839185374450888
20261032,logit_linear,statsmodels_logit,1439,120,385,True,,0.14967189067177419,0.80171024421498804,-0.0023928633036792712,0.0032019737262954096,0.0011932864159084964,0.1555046858754299,0.15669797229133839,0.0072333927509493721,0.85839185374451032
20261032,logit_linear,statsmodels_probability,1439,120,385,True,,0.15237104445403205,0.80092905197269526,-0.0031740555459720543,0.00050281994403755803,0.0047630480123219557,0.1555046858754299,0.16026773388775187,0.0036636311545359132,0.43476571042896417
20261032,probability_linear,raw,1439,120,311,True,,0.11970621001886332,0.81095071948188191,0,0,0.0017264119985204889,0.12972553676727858,0.13145194876579908,0,0
20261032,probability_linear,predval_rung2,1439,120,311,True,,0.12287242927138385,0.80632710770563953,-0.0046236117762423756,-0.0031662192525205302,0.003143565460977191,0.12972553676727858,0.13286910222825576,-0.001417153462456702,-0.82086631908906038
20261032,probability_linear,statsmodels_logit,1439,120,311,True,,0.12287242927138381,0.80632710770563953,-0.0046236117762423756,-0.0031662192525204885,0.0031435654609771862,0.12972553676727858,0.13286910222825576,-0.0014171534624566973,-0.82086631908905749
20261032,probability_linear,statsmodels_probability,1439,120,311,True,,0.11994467511678716,0.80367608492394704,-0.007274634557934867,-0.00023846509792384285,0.00067248395307467797,0.12972553676727858,0.13039802072035325,0.0010539280454458109,0.61047307731237543
20261033,logit_linear,raw,1448,120,569,True,,0.19035127029195961,0.79680536477983643,0,0,0.0081483872161152073,0.1742876411581982,0.18243602837431341,0,0
20261033,logit_linear,predval_rung2,1448,120,569,True,,0.17946219157754739,0.79400820952072471,-0.0027971552591117277,0.01088907871441222,0.00035003291051367608,0.1742876411581982,0.17463767406871186,0.0077983543056015315,0.95704267590261172
20261033,logit_linear,statsmodels_logit,1448,120,569,True,,0.17946219157754739,0.79400820952072471,-0.0027971552591117277,0.01088907871441222,0.00035003291051368036,0.1742876411581982,0.17463767406871189,0.0077983543056015271,0.95704267590261127
20261033,logit_linear,statsmodels_probability,1448,120,569,True,,0.18329486886876653,0.79220875295660709,-0.0045966118232293462,0.0070564014231930816,0.0025800393302457163,0.1742876411581982,0.17686768048844392,0.005568347885869491,0.68336809950033706
20261033,probability_linear,raw,1448,120,453,True,,0.13698360411259891,0.85104551454845989,0,0,0.0012733848280287177,0.14714167916576223,0.14841506399379095,0,0
20261033,probability_linear,predval_rung2,1448,120,453,True,,0.13928854339119578,0.84583402664536822,-0.0052114879030916716,-0.0023049392785968736,0.0016384017263794217,0.14714167916576223,0.14878008089214165,-0.00036501689835070406,-0.28665089320702353
20261033,probability_linear,statsmodels_logit,1448,120,453,True,,0.13928854339119578,0.84583402664536822,-0.0052114879030916716,-0.0023049392785968736,0.0016384017263794215,0.14714167916576223,0.14878008089214165,-0.00036501689835070385,-0.28665089320702353
20261033,probability_linear,statsmodels_probability,1448,120,453,True,,0.13818787256301304,0.84299200195236679,-0.0080535125960931042,-0.001204268450414131,0.00056139075112271583,0.14714167916576223,0.14770306991688495,0.00071199407690600183,0.55913504011840232
20261034,logit_linear,raw,1420,120,538,True,,0.19433385877185633,0.79519763295652834,0,0,0.0077490875632242979,0.16207689706451592,0.16982598462774021,0,0
20261034,logit_linear,predval_rung2,1420,120,538,True,,0.18007137521802935,0.78888804592468964,-0.0063095870318387037,0.014262483553826977,0.0013963471720264211,0.16207689706451592,0.16347324423654233,0.006352740391197877,0.81980495630824712
20261034,logit_linear,statsmodels_logit,1420,120,538,True,,0.18007137521802932,0.78888804592468964,-0.0063095870318387037,0.014262483553827005,0.0013963471720264389,0.16207689706451592,0.16347324423654236,0.0063527403911978588,0.81980495630824479
20261034,logit_linear,statsmodels_probability,1420,120,538,True,,0.18604124035470598,0.78368906422544227,-0.011508568731086077,0.0082926184171503436,0.0042056067153507723,0.16207689706451592,0.1662825037798667,0.0035434808478735256,0.45727717217833674
20261034,probability_linear,raw,1420,120,428,True,,0.14939958351758506,0.82147365842628883,0,0,0.0015950044348788373,0.13960855814065604,0.14120356257553487,0,0
20261034,probability_linear,predval_rung2,1420,120,428,True,,0.15088167791573759,0.8171823183599638,-0.0042913400663250334,-0.0014820943981525281,0.0037349462620427727,0.13960855814065604,0.1433435044026988,-0.0021399418271639357,-1.3416525875217982
20261034,probability_linear,statsmodels_logit,1420,120,428,True,,0.15088167791573759,0.8171823183599638,-0.0042913400663250334,-0.0014820943981525281,0.0037349462620427667,0.13960855814065604,0.1433435044026988,-0.0021399418271639296,-1.3416525875217942
20261034,probability_linear,statsmodels_probability,1420,120,428,True,,0.1502340938068514,0.81479876394332229,-0.0066748944829665424,-0.00083451028926634363,0.0003393626592441403,0.13960855814065604,0.13994792079990018,0.0012556417756346969,0.78723403407344161
20261035,logit_linear,raw,1395,120,495,True,,0.16276500622013998,0.83443097643097641,0,0,0.0080589285852221172,0.16661223520551655,0.17467116379073866,0,0
20261035,logit_linear,predval_rung2,1395,120,495,True,,0.1573149264663205,0.83171268237934903,-0.002718294051627379,0.0054500797538194756,0.00062970017287700087,0.16661223520551655,0.16724193537839355,0.0074292284123451159,0.92186304094669613
20261035,logit_linear,statsmodels_logit,1395,120,495,True,,0.1573149264663205,0.83171268237934903,-0.002718294051627379,0.0054500797538194756,0.00062970017287696889,0.16661223520551655,0.16724193537839352,0.007429228412345148,0.92186304094670013
20261035,logit_linear,statsmodels_probability,1395,120,495,True,,0.16122503282622702,0.82994612794612788,-0.0044848484848485359,0.0015399733939129578,0.0036479300931206923,0.16661223520551655,0.17026016529863724,0.0044109984921014249,0.54734304262107447
20261035,probability_linear,raw,1395,120,410,True,,0.12837023084131388,0.85405967562213692,0,0,0.0014150698545028963,0.14033102356854707,0.14174609342304997,0,0
20261035,probability_linear,predval_rung2,1395,120,410,True,,0.12995193254944318,0.85159836572985015,-0.0024613098922867671,-0.0015817017081292961,0.0015842528911091912,0.14033102356854707,0.14191527645965626,-0.00016918303660629487,-0.11955808122682932
20261035,probability_linear,statsmodels_logit,1395,120,410,True,,0.12995193254944312,0.85159836572985015,-0.0024613098922867671,-0.0015817017081292406,0.0015842528911091851,0.14033102356854707,0.14191527645965626,-0.0001691830366062888,-0.1195580812268251
20261035,probability_linear,statsmodels_probability,1395,120,410,True,,0.12848959579259572,0.84877305930419722,-0.0052866163179396963,-0.00011936495128184177,0.00060641455479657999,0.14033102356854707,0.14093743812334364,0.00080865529970631633,0.57145963298779412
20261036,logit_linear,raw,1445,120,430,True,,0.15680895201474182,0.80209646007561008,0,0,0.007838661521616835,0.16069195138335651,0.16853061290497334,0,0
20261036,logit_linear,predval_rung2,1445,120,430,True,,0.15678553492640884,0.79527093596059117,-0.0068255241150189105,2.341708833297762e-05,0.0015782214650137034,0.16069195138335651,0.16227017284837023,0.0062604400566031318,0.79866186839916353
20261036,logit_linear,statsmodels_logit,1445,120,430,True,,0.15678553492640884,0.79527093596059117,-0.0068255241150189105,2.341708833297762e-05,0.0015782214650136963,0.16069195138335651,0.1622701728483702,0.0062604400566031388,0.79866186839916442
20261036,logit_linear,statsmodels_probability,1445,120,430,True,,0.15687893600704139,0.78680490319624241,-0.015291556879367674,-6.9983992299571529e-05,0.0049404181190858178,0.16069195138335651,0.16563236950244234,0.0028982434025310172,0.3697370264730111
20261036,probability_linear,raw,1445,120,354,True,,0.13579580988000245,0.79815853386982349,0,0,0.0016312042789875907,0.13718559603332492,0.1388168003123125,0,0
20261036,probability_linear,predval_rung2,1445,120,354,True,,0.13854284264072655,0.78900816645693828,-0.0091503674128852186,-0.0027470327607241052,0.0049801002867055988,0.13718559603332492,0.14216569632003051,-0.0033488960077180082,-2.0530206123518173
20261036,probability_linear,statsmodels_logit,1445,120,354,True,,0.13854284264072655,0.78900816645693828,-0.0091503674128852186,-0.0027470327607241052,0.0049801002867055971,0.13718559603332492,0.14216569632003051,-0.0033488960077180064,-2.0530206123518164
20261036,probability_linear,statsmodels_probability,1445,120,354,True,,0.13479291777209781,0.78062680275702068,-0.017531731112802817,0.0010028921079046349,0.00159866457864132,0.13718559603332492,0.13878426061196625,3.2539700346270609e-05,0.019948268138719194
20261037,logit_linear,raw,1431,120,525,True,,0.17225504979552506,0.81395143487858723,0,0,0.0076204075302433493,0.16505299786426769,0.17267340539451104,0,0
20261037,logit_linear,predval_rung2,1431,120,525,True,,0.16822510182326061,0.80696100073583532,-0.0069904341427519112,0.0040299479722644416,0.00032398871600892716,0.16505299786426769,0.16537698658027661,0.0072964188142344219,0.95748406962185384
20261037,logit_linear,statsmodels_logit,1431,120,525,True,,0.16822510182326061,0.80696100073583532,-0.0069904341427519112,0.0040299479722644416,0.0003239887160089296,0.16505299786426769,0.16537698658027661,0.0072964188142344193,0.95748406962185351
20261037,logit_linear,statsmodels_probability,1431,120,525,True,,0.17106590327667873,0.80210238620834651,-0.011849048670240725,0.001189146518846329,0.0034235955691945159,0.16505299786426769,0.16847659343346222,0.0041968119610488333,0.55073327041799469
20261037,probability_linear,raw,1431,120,453,True,,0.14496039900858099,0.82838563180252522,0,0,0.0014836324570238477,0.14257933898331515,0.144062971440339,0,0
20261037,probability_linear,predval_rung2,1431,120,453,True,,0.14871826901052171,0.82040430305574752,-0.007981328746777705,-0.0037578700019407218,0.0032171827356474395,0.14257933898331515,0.1457965217189626,-0.0017335502786235918,-1.1684499556588812
20261037,probability_linear,statsmodels_logit,1431,120,453,True,,0.14871826901052171,0.82040430305574752,-0.007981328746777705,-0.0037578700019407218,0.0032171827356474408,0.14257933898331515,0.1457965217189626,-0.0017335502786235931,-1.1684499556588821
20261037,probability_linear,statsmodels_probability,1431,120,453,True,,0.14700666197157719,0.81636849542021606,-0.012017136382309168,-0.0020462629629962037,0.00035409853306648452,0.14257933898331515,0.14293343751638163,0.0011295339239573631,0.76133001715478588
20261038,logit_linear,raw,1466,120,567,True,,0.18263284372067984,0.79400588151051621,0,0,0.0082092760133281716,0.16328721412426131,0.17149649013758947,0,0
20261038,logit_linear,predval_rung2,1466,120,567,True,,0.1758965649633098,0.78683349910639488,-0.0071723824041213247,0.00673627875737004,0.0010725824081500759,0.16328721412426131,0.1643597965324114,0.0071366936051780955,0.86934506692079982
20261038,logit_linear,statsmodels_logit,1466,120,567,True,,0.17589656496330977,0.78683349910639488,-0.0071723824041213247,0.0067362787573700678,0.0010725824081500709,0.16328721412426131,0.16435979653241137,0.0071366936051781007,0.86934506692080038
20261038,logit_linear,statsmodels_probability,1466,120,567,True,,0.17536452942941122,0.77862528029380085,-0.015380601216715362,0.0072683142912686183,0.0032986240737581827,0.16328721412426131,0.1665858381980195,0.0049106519395699889,0.59818331502038657
20261038,probability_linear,raw,1466,120,510,True,,0.16657929387983328,0.77580605463942909,0,0,0.0014629692458767159,0.13675973442152489,0.13822270366740161,0,0
20261038,probability_linear,predval_rung2,1466,120,510,True,,0.17408761028883663,0.76544630404463043,-0.010359750594798656,-0.0075083164090033461,0.010172788548894675,0.13675973442152489,0.14693252297041956,-0.0087098193030179585,-5.9535218033913022
20261038,probability_linear,statsmodels_logit,1466,120,510,True,,0.17408761028883657,0.76544630404463043,-0.010359750594798656,-0.0075083164090032906,0.010172788548894671,0.13675973442152489,0.14693252297041956,-0.0087098193030179551,-5.9535218033912995
20261038,probability_linear,statsmodels_probability,1466,120,510,True,,0.16377843541801357,0.76315325293297231,-0.012652801706456773,0.0028008584618197108,0.0029041079331997657,0.13675973442152489,0.13966384235472465,-0.0014411386873230498,-0.98507791013707635
20261039,logit_linear,raw,1388,120,502,True,,0.16891388601364496,0.81681850476199047,0,0,0.0080662829180899696,0.16402665079764175,0.17209293371573173,0,0
20261039,logit_linear,predval_rung2,1388,120,502,True,,0.16375251534607063,0.81329984801201516,-0.003518656749975313,0.0051613706675743276,0.00024067951376043371,0.16402665079764175,0.1642673303114022,0.0078256034043295356,0.97016227719701353
20261039,logit_linear,statsmodels_logit,1388,120,502,True,,0.16375251534607063,0.81329984801201516,-0.003518656749975313,0.0051613706675743276,0.00024067951376043035,0.16402665079764175,0.16426733031140217,0.007825603404329539,0.97016227719701387
20261039,logit_linear,statsmodels_probability,1388,120,502,True,,0.16541806596677425,0.81175073970483747,-0.0050677650571530064,0.0034958200468707123,0.0030862638374258276,0.16402665079764175,0.16711291463506758,0.0049800190806641425,0.61738710769685845
20261039,probability_linear,raw,1388,120,412,True,,0.13873596655130047,0.81821233885086753,0,0,0.0015021648026766682,0.13923138281847094,0.14073354762114762,0,0
20261039,probability_linear,predval_rung2,1388,120,412,True,,0.14374572159091231,0.810376213592233,-0.0078361252586345298,-0.0050097550396118462,0.0037563414375808186,0.13923138281847094,0.14298772425605177,-0.0022541766349041502,-1.5006187276439253
20261039,probability_linear,statsmodels_logit,1388,120,412,True,,0.14374572159091228,0.810376213592233,-0.0078361252586345298,-0.0050097550396118185,0.0037563414375808104,0.13923138281847094,0.14298772425605175,-0.0022541766349041424,-1.50061872764392
20261039,probability_linear,statsmodels_probability,1388,120,412,True,,0.13846697693990537,0.80813554432595891,-0.010076794524908617,0.00026898961139509847,0.00033031108087790991,0.13923138281847094,0.13956169389934886,0.0011718537217987584,0.78010995844840914
20261010,wdbc_undistorted,raw,285,285,106,True,,0.029478263131405693,0.9880889638452619,0,0,,,,,
20261010,wdbc_undistorted,predval_rung2,285,285,106,True,,0.029271022790021212,0.98476863075787924,-0.0033203330873826653,0.00020724034138448061,,,,,
20261010,wdbc_undistorted,statsmodels_logit,285,285,106,True,,0.02927102279002123,0.98476863075787924,-0.0033203330873826653,0.00020724034138446326,,,,,
20261010,wdbc_undistorted,statsmodels_probability,285,285,106,True,,0.027864603166123696,0.97902392747970912,-0.009065036365552781,0.0016136599652819966,,,,,
